{
  "v": "5.7.4",
  "fr": 30,
  "ip": 0,
  "op": 90,
  "w": 200,
  "h": 200,
  "nm": "pulse-circle",
  "ddd": 0,
  "assets": [],
  "layers": [
    {
      "ddd": 0,
      "ind": 1,
      "ty": 4,
      "nm": "circle",
      "sr": 1,
      "ks": {
        "o": { "a": 0, "k": 100 },
        "r": { "a": 0, "k": 0 },
        "p": { "a": 0, "k": [100, 100, 0] },
        "a": { "a": 0, "k": [0, 0, 0] },
        "s": {
          "a": 1,
          "k": [
            { "t": 0, "s": [80, 80, 100] },
            { "t": 30, "s": [100, 100, 100] },
            { "t": 60, "s": [80, 80, 100] }
          ]
        }
      },
      "shapes": [
        { "ty": "el", "p": { "a": 0, "k": [0, 0] }, "s": { "a": 0, "k": [120, 120] }, "d": 1, "nm": "Ellipse Path 1" },
        { "ty": "fl", "c": { "a": 0, "k": [0.133, 0.792, 0.882, 1] }, "o": { "a": 0, "k": 100 }, "r": 1, "nm": "Fill 1" },
        { "ty": "tr", "p": { "a": 0, "k": [0, 0] }, "a": { "a": 0, "k": [0, 0] }, "s": { "a": 0, "k": [100, 100] }, "r": { "a": 0, "k": 0 }, "o": { "a": 0, "k": 100 }, "sk": { "a": 0, "k": 0 }, "sa": { "a": 0, "k": 0 } }
      ],
      "ip": 0,
      "op": 90,
      "st": 0,
      "bm": 0
    }
  ],
  "markers": []
}
